note_title,note_content,created_at,updated_at
Note 1,"Lorem ipsum dolor sit amet, consectetur adipiscing elit. Sed non risus. Suspendisse lectus tortor, dignissim sit amet, adipiscing nec, ultricies sed, dolor.",2024-04-24 19:39:59.582078,
Note 2,"Praesent vestibulum dapibus nibh. Etiam iaculis nunc ac metus. Ut id nisl quis enim dignissim sagittis. Etiam sollicitudin, ipsum eu pulvinar rutrum, tellus ipsum laoreet sapien, quis venenatis ante odio sit amet eros.",2024-04-24 19:40:21.333580,
Note 3,"Nullam sit amet magna in magna gravida vehicula. Integer tempor. Curabitur ligula sapien, tincidunt non, euismod vitae, posuere imperdiet, leo.",2024-04-25 10:00:00,
Note 4,Praesent egestas neque eu enim. Ut id nisl quis enim dignissim sagittis. Donec sit amet nisl. Aliquam semper ipsum sit amet velit.,2024-04-25 10:00:00,
Note 5,"Sed consequat, leo eget bibendum sodales, augue velit cursus nunc, quis gravida magna mi a libero. Fusce vulputate eleifend sapien. Vestibulum purus quam, scelerisque ut, mollis sed, nonummy id, metus.",2024-04-25 10:00:00,
Note 6,Nullam dictum felis eu pede mollis pretium. Integer tincidunt. Cras dapibus. Vivamus elementum semper nisi.,2024-04-25 10:00:00,
Note 7,"Aenean vulputate eleifend tellus. Aenean leo ligula, porttitor eu, consequat vitae, eleifend ac, enim. Aliquam lorem ante, dapibus in, viverra quis, feugiat a, tellus.",2024-04-25 10:00:00,
Note 8,Phasellus viverra nulla ut metus varius laoreet. Quisque rutrum. Aenean imperdiet. Etiam ultricies nisi vel augue.,2024-04-25 10:00:00,
Note 9,"Curabitur ullamcorper ultricies nisi. Nam eget dui. Etiam rhoncus. Maecenas tempus, tellus eget condimentum rhoncus, sem quam semper libero, sit amet adipiscing sem neque sed ipsum.",2024-04-25 10:00:00,
Note 10,"Nam quam nunc, blandit vel, luctus pulvinar, hendrerit id, lorem. Maecenas nec odio et ante tincidunt tempus. Donec vitae sapien ut libero venenatis faucibus.",2024-04-25 10:00:00,
